"","from","to","friendship"
"1",4,1,4
"2",11,1,3
"3",13,1,4
"4",17,1,5
"5",19,1,4
"6",25,1,4
"7",29,1,5
"8",33,1,3
"9",45,1,3
"10",66,1,3
"11",87,1,3
"12",113,1,4
"13",114,1,4
"14",157,1,4
"15",181,1,4
"16",4,2,3
"17",8,2,4
"18",12,2,5
"19",17,2,3
"20",18,2,5
"21",19,2,3
"22",29,2,3
"23",32,2,4
"24",87,2,3
"25",95,2,4
"26",105,2,3
"27",107,2,3
"28",129,2,3
"29",134,2,3
"30",135,2,4
"31",164,2,3
"32",165,2,5
"33",15,3,3
"34",71,3,2
"35",99,3,3
"36",120,3,4
"37",140,3,3
"38",1,4,3
"39",2,4,3
"40",8,4,3
"41",13,4,4
"42",14,4,3
"43",16,4,3
"44",18,4,4
"45",19,4,5
"46",23,4,3
"47",24,4,3
"48",29,4,3
"49",33,4,2
"50",37,4,3
"51",57,4,1
"52",65,4,3
"53",68,4,3
"54",71,4,2
"55",83,4,3
"56",92,4,3
"57",95,4,4
"58",149,4,3
"59",168,4,4
"60",181,4,3
"61",26,5,4
"62",27,5,4
"63",35,5,4
"64",39,5,3
"65",80,5,3
"66",94,5,3
"67",145,5,3
"68",147,5,3
"69",156,5,3
"70",170,5,5
"71",172,5,3
"72",185,5,5
"73",193,5,3
"74",214,5,3
"75",31,6,3
"76",58,6,3
"77",67,6,3
"78",130,6,5
"79",141,6,4
"80",159,6,4
"81",164,6,3
"82",187,6,3
"83",201,6,4
"84",215,6,3
"85",20,7,4
"86",21,7,3
"87",27,7,4
"88",30,7,4
"89",34,7,4
"90",64,7,3
"91",86,7,4
"92",98,7,5
"93",104,7,5
"94",123,7,5
"95",124,7,3
"96",161,7,3
"97",182,7,5
"98",191,7,5
"99",203,7,4
"100",2,8,5
"101",11,8,3
"102",19,8,3
"103",131,8,3
"104",134,8,3
"105",164,8,3
"106",165,8,3
"107",176,8,3
"108",36,9,5
"109",61,9,3
"110",17,10,3
"111",57,10,1
"112",97,10,3
"113",117,10,3
"114",121,10,1
"115",13,11,3
"116",14,11,3
"117",16,11,2
"118",17,11,3
"119",19,11,3
"120",24,11,3
"121",25,11,3
"122",29,11,3
"123",122,11,3
"124",2,12,4
"125",18,12,3
"126",22,12,4
"127",29,12,3
"128",102,12,3
"129",112,12,5
"130",122,12,3
"131",125,12,3
"132",131,12,3
"133",134,12,4
"134",165,12,5
"135",198,12,3
"136",4,13,3
"137",10,13,1
"138",17,13,3
"139",18,13,3
"140",19,13,3
"141",29,13,4
"142",71,13,2
"143",80,13,3
"144",114,13,3
"145",4,14,3
"146",10,14,1
"147",11,14,4
"148",16,14,2
"149",18,14,3
"150",19,14,3
"151",24,14,3
"152",29,14,5
"153",71,14,3
"154",80,14,3
"155",87,14,3
"156",211,14,3
"157",3,15,4
"158",18,15,3
"159",63,15,3
"160",106,15,4
"161",158,15,5
"162",212,15,3
"163",3,16,3
"164",11,16,4
"165",14,16,3
"166",17,16,3
"167",23,16,4
"168",24,16,3
"169",25,16,4
"170",28,16,3
"171",31,16,3
"172",71,16,3
"173",80,16,3
"174",94,16,3
"175",135,16,3
"176",137,16,4
"177",155,16,3
"178",166,16,4
"179",209,16,4
"180",1,17,4
"181",2,17,5
"182",10,17,1
"183",11,17,3
"184",13,17,4
"185",14,17,4
"186",16,17,3
"187",18,17,3
"188",19,17,3
"189",24,17,3
"190",25,17,3
"191",27,17,3
"192",29,17,3
"193",31,17,3
"194",71,17,2
"195",94,17,4
"196",135,17,4
"197",150,17,3
"198",157,17,4
"199",170,17,3
"200",181,17,3
"201",2,18,5
"202",3,18,3
"203",4,18,3
"204",12,18,3
"205",15,18,4
"206",29,18,3
"207",106,18,3
"208",134,18,4
"209",158,18,3
"210",165,18,3
"211",189,18,3
"212",1,19,3
"213",4,19,4
"214",8,19,3
"215",13,19,3
"216",14,19,3
"217",17,19,3
"218",23,19,5
"219",29,19,4
"220",65,19,4
"221",119,19,3
"222",134,19,3
"223",3,20,3
"224",7,20,4
"225",16,20,2
"226",23,20,3
"227",25,20,3
"228",99,20,4
"229",100,20,3
"230",101,20,3
"231",114,20,4
"232",115,20,3
"233",120,20,3
"234",140,20,3
"235",155,20,3
"236",166,20,4
"237",190,20,3
"238",7,21,3
"239",30,21,3
"240",34,21,5
"241",86,21,3
"242",182,21,3
"243",198,21,4
"244",200,21,3
"245",203,21,3
"246",206,21,4
"247",12,22,4
"248",29,22,3
"249",40,22,3
"250",112,22,3
"251",122,22,3
"252",125,22,3
"253",134,22,4
"254",165,22,5
"255",194,22,3
"256",3,23,3
"257",19,23,4
"258",29,23,3
"259",69,23,3
"260",119,23,3
"261",134,23,4
"262",196,23,3
"263",2,24,3
"264",11,24,3
"265",13,24,3
"266",14,24,4
"267",16,24,3
"268",17,24,3
"269",25,24,3
"270",29,24,3
"271",40,24,3
"272",71,24,3
"273",80,24,5
"274",94,24,5
"275",106,24,3
"276",113,24,3
"277",122,24,3
"278",135,24,4
"279",153,24,3
"280",170,24,3
"281",217,24,3
"282",11,25,4
"283",16,25,3
"284",24,25,3
"285",71,25,4
"286",135,25,4
"287",166,25,3
"288",5,26,4
"289",19,26,3
"290",27,26,4
"291",30,26,3
"292",35,26,4
"293",65,26,4
"294",94,26,3
"295",148,26,3
"296",170,26,3
"297",172,26,4
"298",185,26,3
"299",200,26,3
"300",5,27,3
"301",17,27,3
"302",26,27,3
"303",30,27,4
"304",35,27,3
"305",80,27,4
"306",82,27,3
"307",94,27,3
"308",98,27,3
"309",135,27,4
"310",145,27,3
"311",172,27,4
"312",185,27,3
"313",203,27,3
"314",16,28,3
"315",30,28,4
"316",71,28,2
"317",1,29,3
"318",4,29,4
"319",10,29,1
"320",11,29,4
"321",13,29,5
"322",14,29,5
"323",18,29,4
"324",19,29,3
"325",23,29,3
"326",24,29,3
"327",7,30,3
"328",21,30,3
"329",28,30,4
"330",34,30,3
"331",51,30,3
"332",56,30,4
"333",86,30,3
"334",98,30,5
"335",123,30,3
"336",161,30,3
"337",182,30,3
"338",188,30,2
"339",203,30,3
"340",4,31,3
"341",15,31,3
"342",16,31,4
"343",17,31,4
"344",18,31,3
"345",19,31,3
"346",23,31,3
"347",88,31,3
"348",90,31,3
"349",95,31,3
"350",130,31,3
"351",131,31,4
"352",134,31,3
"353",135,31,3
"354",141,31,3
"355",150,31,3
"356",153,31,3
"357",157,31,3
"358",174,31,3
"359",2,32,4
"360",67,32,4
"361",88,32,3
"362",107,32,4
"363",131,32,3
"364",165,32,3
"365",186,32,3
"366",202,32,3
"367",1,33,4
"368",11,33,3
"369",17,33,3
"370",57,33,1
"371",68,33,4
"372",70,33,3
"373",71,33,2
"374",72,33,3
"375",181,33,5
"376",7,34,3
"377",16,34,2
"378",21,34,5
"379",30,34,3
"380",86,34,3
"381",182,34,3
"382",198,34,4
"383",200,34,3
"384",203,34,3
"385",206,34,3
"386",5,35,3
"387",26,35,4
"388",27,35,4
"389",65,35,3
"390",80,35,3
"391",94,35,3
"392",135,35,3
"393",145,35,3
"394",170,35,4
"395",172,35,5
"396",185,35,3
"397",9,36,5
"398",209,36,3
"399",4,37,3
"400",9,37,1
"401",46,37,3
"402",47,37,4
"403",51,37,3
"404",53,37,5
"405",55,37,4
"406",58,37,3
"407",65,37,3
"408",66,37,3
"409",74,37,3
"410",82,37,4
"411",91,37,3
"412",106,37,4
"413",129,37,3
"414",132,37,4
"415",168,37,3
"416",25,38,5
"417",41,38,3
"418",46,38,4
"419",50,38,3
"420",55,38,3
"421",60,38,3
"422",66,38,3
"423",126,38,3
"424",128,38,3
"425",152,38,5
"426",154,38,5
"427",156,38,2
"428",157,38,4
"429",176,38,3
"430",197,38,3
"431",214,38,3
"432",10,39,1
"433",29,39,3
"434",33,39,2
"435",37,39,3
"436",38,39,3
"437",41,39,3
"438",58,39,3
"439",68,39,5
"440",72,39,3
"441",89,39,3
"442",102,39,3
"443",108,39,3
"444",134,39,3
"445",144,39,4
"446",159,39,3
"447",163,39,3
"448",164,39,3
"449",168,39,3
"450",188,39,2
"451",200,39,3
"452",22,40,3
"453",89,40,5
"454",194,40,3
"455",38,41,4
"456",44,41,3
"457",53,41,3
"458",55,41,4
"459",59,41,3
"460",66,41,3
"461",73,41,3
"462",76,41,4
"463",82,41,4
"464",92,41,3
"465",95,41,3
"466",105,41,3
"467",127,41,3
"468",150,41,3
"469",156,41,3
"470",214,41,4
"471",215,41,3
"472",23,42,3
"473",41,42,3
"474",43,42,3
"475",44,42,3
"476",46,42,5
"477",47,42,5
"478",48,42,3
"479",51,42,3
"480",55,42,5
"481",56,42,3
"482",59,42,3
"483",62,42,3
"484",66,42,3
"485",76,42,3
"486",128,42,3
"487",136,42,2
"488",138,42,3
"489",141,42,3
"490",188,42,2
"491",196,42,3
"492",198,42,3
"493",28,43,4
"494",30,43,4
"495",42,43,5
"496",46,43,5
"497",47,43,4
"498",50,43,4
"499",51,43,4
"500",56,43,3
"501",59,43,4
"502",60,43,3
"503",62,43,3
"504",64,43,4
"505",69,43,3
"506",76,43,4
"507",81,43,3
"508",86,43,3
"509",98,43,3
"510",103,43,4
"511",104,43,3
"512",123,43,3
"513",128,43,4
"514",136,43,2
"515",138,43,5
"516",159,43,3
"517",196,43,5
"518",210,43,4
"519",9,44,1
"520",37,44,3
"521",39,44,4
"522",41,44,3
"523",42,44,4
"524",47,44,5
"525",48,44,4
"526",50,44,3
"527",53,44,4
"528",54,44,3
"529",55,44,5
"530",59,44,4
"531",60,44,4
"532",61,44,5
"533",66,44,5
"534",73,44,4
"535",128,44,3
"536",214,44,3
"537",216,44,3
"538",16,45,2
"539",71,45,5
"540",98,45,5
"541",113,45,3
"542",135,45,3
"543",166,45,3
"544",167,45,3
"545",37,46,3
"546",38,46,4
"547",42,46,3
"548",43,46,3
"549",47,46,4
"550",76,46,3
"551",128,46,3
"552",148,46,4
"553",152,46,3
"554",154,46,5
"555",157,46,3
"556",159,46,4
"557",176,46,4
"558",198,46,3
"559",216,46,3
"560",27,47,3
"561",37,47,5
"562",42,47,5
"563",44,47,5
"564",46,47,3
"565",53,47,4
"566",66,47,5
"567",73,47,4
"568",78,47,3
"569",87,47,3
"570",156,47,4
"571",215,47,3
"572",40,48,3
"573",41,48,3
"574",44,48,3
"575",47,48,3
"576",53,48,3
"577",54,48,3
"578",55,48,3
"579",59,48,3
"580",63,48,5
"581",66,48,4
"582",73,48,3
"583",92,48,3
"584",127,48,3
"585",145,48,3
"586",146,48,1
"587",147,48,3
"588",156,48,3
"589",158,48,3
"590",212,48,3
"591",28,49,3
"592",139,49,5
"593",143,49,3
"594",148,49,3
"595",163,49,3
"596",179,49,3
"597",183,49,3
"598",188,49,2
"599",213,49,3
"600",43,50,3
"601",44,50,3
"602",47,50,3
"603",59,50,5
"604",60,50,3
"605",76,50,5
"606",128,50,5
"607",138,50,3
"608",152,50,3
"609",154,50,4
"610",160,50,3
"611",210,50,3
"612",42,51,3
"613",43,51,3
"614",56,51,3
"615",64,51,4
"616",76,51,4
"617",81,51,3
"618",103,51,3
"619",106,51,5
"620",138,51,3
"621",158,51,3
"622",210,51,3
"623",15,52,5
"624",54,52,4
"625",63,52,3
"626",106,52,5
"627",158,52,5
"628",212,52,3
"629",9,53,1
"630",37,53,5
"631",41,53,3
"632",44,53,3
"633",47,53,5
"634",50,53,3
"635",54,53,3
"636",55,53,4
"637",66,53,5
"638",73,53,4
"639",74,53,4
"640",128,53,3
"641",15,54,3
"642",37,54,3
"643",41,54,3
"644",42,54,3
"645",44,54,3
"646",47,54,3
"647",48,54,5
"648",51,54,4
"649",52,54,3
"650",53,54,3
"651",55,54,3
"652",63,54,3
"653",66,54,3
"654",73,54,3
"655",82,54,3
"656",104,54,3
"657",106,54,3
"658",127,54,4
"659",158,54,4
"660",188,54,2
"661",192,54,4
"662",197,54,3
"663",209,54,3
"664",214,54,3
"665",4,55,3
"666",9,55,1
"667",16,55,3
"668",25,55,3
"669",37,55,5
"670",38,55,4
"671",41,55,5
"672",42,55,4
"673",44,55,3
"674",47,55,4
"675",53,55,3
"676",54,55,3
"677",59,55,3
"678",60,55,4
"679",63,55,3
"680",66,55,4
"681",73,55,3
"682",152,55,3
"683",154,55,3
"684",171,55,4
"685",172,55,3
"686",192,55,4
"687",212,55,4
"688",28,56,4
"689",30,56,4
"690",43,56,3
"691",51,56,3
"692",62,56,5
"693",69,56,4
"694",123,56,3
"695",10,58,1
"696",149,58,5
"697",41,59,4
"698",42,59,3
"699",43,59,3
"700",44,59,3
"701",46,59,3
"702",47,59,4
"703",50,59,5
"704",51,59,3
"705",63,59,4
"706",66,59,3
"707",76,59,5
"708",128,59,5
"709",138,59,3
"710",141,59,5
"711",152,59,3
"712",154,59,3
"713",156,59,3
"714",157,59,3
"715",160,59,4
"716",164,59,4
"717",172,59,3
"718",196,59,3
"719",9,60,1
"720",38,60,3
"721",39,60,3
"722",42,60,3
"723",44,60,3
"724",50,60,3
"725",61,60,4
"726",66,60,3
"727",68,60,3
"728",152,60,4
"729",154,60,4
"730",176,60,3
"731",191,60,4
"732",197,60,3
"733",216,60,3
"734",9,61,1
"735",42,61,3
"736",44,61,5
"737",47,61,3
"738",60,61,5
"739",62,61,5
"740",66,61,3
"741",98,61,4
"742",109,61,4
"743",123,61,3
"744",152,61,3
"745",188,61,2
"746",28,62,5
"747",30,62,4
"748",39,62,3
"749",42,62,4
"750",43,62,3
"751",51,62,3
"752",56,62,5
"753",61,62,3
"754",103,62,4
"755",123,62,5
"756",138,62,3
"757",188,62,2
"758",210,62,4
"759",15,63,3
"760",48,63,5
"761",66,63,3
"762",145,63,5
"763",147,63,3
"764",156,63,3
"765",157,63,3
"766",158,63,4
"767",160,63,3
"768",212,63,4
"769",7,64,3
"770",43,64,3
"771",51,64,4
"772",76,64,3
"773",81,64,4
"774",86,64,4
"775",103,64,3
"776",104,64,5
"777",123,64,3
"778",128,64,3
"779",138,64,3
"780",159,64,3
"781",207,64,4
"782",209,64,3
"783",210,64,4
"784",4,65,4
"785",5,65,3
"786",19,65,5
"787",23,65,3
"788",26,65,5
"789",35,65,4
"790",36,65,3
"791",37,65,5
"792",39,65,3
"793",44,65,3
"794",46,65,3
"795",66,65,3
"796",95,65,3
"797",111,65,3
"798",172,65,3
"799",9,66,1
"800",44,66,3
"801",47,66,4
"802",48,66,3
"803",53,66,5
"804",54,66,3
"805",55,66,3
"806",73,66,4
"807",6,67,3
"808",10,67,1
"809",32,67,3
"810",73,67,3
"811",97,67,3
"812",106,67,3
"813",167,67,3
"814",201,67,3
"815",4,68,3
"816",15,68,3
"817",29,68,3
"818",33,68,4
"819",37,68,3
"820",39,68,5
"821",67,68,3
"822",72,68,3
"823",102,68,3
"824",181,68,3
"825",3,69,3
"826",28,69,4
"827",196,69,3
"828",13,71,3
"829",16,71,3
"830",17,71,3
"831",25,71,5
"832",33,71,2
"833",45,71,5
"834",95,71,4
"835",98,71,4
"836",101,71,3
"837",113,71,3
"838",135,71,3
"839",153,71,3
"840",166,71,3
"841",15,72,3
"842",33,72,4
"843",39,72,4
"844",68,72,4
"845",102,72,4
"846",117,72,3
"847",134,72,3
"848",153,72,4
"849",181,72,3
"850",44,73,3
"851",47,73,3
"852",53,73,5
"853",55,73,3
"854",67,73,5
"855",10,74,1
"856",18,74,3
"857",37,74,4
"858",53,74,5
"859",54,74,3
"860",57,74,1
"861",75,74,3
"862",77,74,3
"863",82,74,3
"864",85,74,3
"865",97,74,5
"866",132,74,4
"867",151,74,3
"868",158,74,3
"869",178,74,3
"870",193,74,3
"871",214,74,3
"872",2,75,3
"873",8,75,3
"874",74,75,3
"875",77,75,4
"876",97,75,4
"877",129,75,3
"878",151,75,3
"879",156,75,2
"880",158,75,3
"881",167,75,3
"882",199,75,4
"883",214,75,3
"884",51,76,3
"885",64,76,3
"886",81,76,3
"887",121,76,3
"888",138,76,3
"889",188,76,2
"890",10,77,1
"891",74,77,5
"892",75,77,4
"893",85,77,4
"894",91,77,4
"895",97,77,5
"896",151,77,3
"897",3,78,3
"898",47,78,3
"899",84,78,4
"900",87,78,3
"901",101,78,4
"902",115,78,3
"903",182,78,4
"904",56,79,3
"905",58,79,4
"906",87,79,3
"907",102,79,3
"908",214,79,3
"909",5,80,3
"910",11,80,3
"911",13,80,3
"912",14,80,3
"913",16,80,3
"914",17,80,3
"915",24,80,4
"916",25,80,3
"917",27,80,4
"918",35,80,3
"919",71,80,2
"920",87,80,3
"921",94,80,3
"922",135,80,3
"923",170,80,3
"924",172,80,3
"925",51,81,3
"926",64,81,3
"927",76,81,3
"928",89,81,3
"929",103,81,4
"930",118,81,4
"931",128,81,3
"932",136,81,3
"933",138,81,3
"934",207,81,3
"935",210,81,3
"936",215,81,3
"937",27,82,3
"938",41,82,3
"939",87,82,3
"940",92,82,3
"941",124,82,3
"942",141,82,3
"943",142,82,3
"944",145,82,3
"945",156,82,4
"946",164,82,4
"947",214,82,4
"948",204,83,4
"949",71,84,2
"950",78,84,4
"951",87,84,3
"952",101,84,3
"953",120,84,3
"954",3,85,3
"955",10,85,1
"956",53,85,3
"957",71,85,2
"958",74,85,3
"959",75,85,3
"960",91,85,3
"961",92,85,3
"962",95,85,3
"963",97,85,3
"964",102,85,3
"965",106,85,3
"966",132,85,3
"967",7,86,5
"968",21,86,3
"969",27,86,3
"970",30,86,3
"971",34,86,3
"972",64,86,3
"973",103,86,3
"974",104,86,4
"975",123,86,5
"976",161,86,3
"977",180,86,3
"978",188,86,2
"979",2,87,5
"980",3,87,3
"981",11,87,3
"982",14,87,3
"983",17,87,3
"984",78,87,4
"985",80,87,3
"986",82,87,3
"987",88,87,4
"988",91,87,3
"989",92,87,3
"990",101,87,4
"991",105,87,3
"992",107,87,3
"993",114,87,4
"994",115,87,4
"995",141,87,3
"996",150,87,4
"997",166,87,3
"998",204,87,4
"999",214,87,3
"1000",2,88,3
"1001",10,88,1
"1002",32,88,3
"1003",67,88,3
"1004",87,88,4
"1005",95,88,3
"1006",97,88,3
"1007",105,88,3
"1008",107,88,5
"1009",205,88,3
"1010",40,89,5
"1011",71,89,2
"1012",101,89,3
"1013",106,89,5
"1014",117,89,3
"1015",120,89,3
"1016",194,89,3
"1017",31,90,3
"1018",71,90,2
"1019",150,90,3
"1020",4,91,3
"1021",23,91,3
"1022",37,91,4
"1023",48,91,3
"1024",58,91,3
"1025",67,91,3
"1026",74,91,3
"1027",77,91,3
"1028",82,91,4
"1029",85,91,4
"1030",87,91,3
"1031",92,91,4
"1032",93,91,3
"1033",95,91,4
"1034",97,91,4
"1035",106,91,3
"1036",129,91,3
"1037",149,91,4
"1038",158,91,3
"1039",168,91,4
"1040",192,91,3
"1041",215,91,5
"1042",48,92,3
"1043",82,92,3
"1044",91,92,3
"1045",93,92,5
"1046",95,92,5
"1047",102,92,3
"1048",141,92,3
"1049",158,92,4
"1050",204,92,3
"1051",214,92,3
"1052",215,92,5
"1053",15,93,3
"1054",91,93,3
"1055",92,93,4
"1056",117,93,3
"1057",141,93,4
"1058",158,93,3
"1059",5,94,3
"1060",16,94,3
"1061",24,94,3
"1062",35,94,3
"1063",80,94,4
"1064",170,94,5
"1065",185,94,3
"1066",2,95,4
"1067",71,95,2
"1068",92,95,4
"1069",93,95,3
"1070",102,95,3
"1071",153,95,3
"1072",155,95,4
"1073",156,95,3
"1074",158,95,3
"1075",166,95,3
"1076",25,96,3
"1077",32,96,4
"1078",109,96,5
"1079",127,96,5
"1080",141,96,3
"1081",152,96,3
"1082",156,96,2
"1083",188,96,2
"1084",191,96,5
"1085",205,96,3
"1086",217,96,3
"1087",10,97,1
"1088",74,97,5
"1089",75,97,4
"1090",77,97,5
"1091",83,97,3
"1092",85,97,3
"1093",91,97,4
"1094",151,97,3
"1095",7,98,4
"1096",45,98,4
"1097",61,98,3
"1098",103,98,3
"1099",161,98,4
"1100",182,98,4
"1101",183,98,3
"1102",203,98,4
"1103",207,98,3
"1104",3,99,4
"1105",20,99,4
"1106",100,99,4
"1107",101,99,3
"1108",120,99,3
"1109",140,99,4
"1110",155,99,3
"1111",157,99,3
"1112",166,99,3
"1113",190,99,3
"1114",3,100,4
"1115",16,100,2
"1116",20,100,4
"1117",99,100,4
"1118",120,100,3
"1119",140,100,4
"1120",155,100,3
"1121",157,100,3
"1122",166,100,3
"1123",190,100,3
"1124",3,101,3
"1125",20,101,3
"1126",71,101,4
"1127",78,101,4
"1128",84,101,4
"1129",87,101,3
"1130",115,101,4
"1131",72,102,3
"1132",89,102,3
"1133",117,102,3
"1134",42,103,3
"1135",43,103,3
"1136",51,103,5
"1137",62,103,4
"1138",64,103,4
"1139",76,103,3
"1140",81,103,4
"1141",86,103,3
"1142",98,103,3
"1143",126,103,4
"1144",128,103,3
"1145",136,103,3
"1146",138,103,4
"1147",179,103,3
"1148",198,103,3
"1149",207,103,3
"1150",210,103,4
"1151",7,104,4
"1152",51,104,3
"1153",64,104,5
"1154",76,104,4
"1155",81,104,3
"1156",86,104,4
"1157",103,104,4
"1158",123,104,3
"1159",128,104,3
"1160",136,104,2
"1161",138,104,4
"1162",159,104,3
"1163",188,104,2
"1164",207,104,4
"1165",209,104,3
"1166",210,104,4
"1167",217,104,4
"1168",2,105,3
"1169",3,105,3
"1170",16,105,3
"1171",54,105,3
"1172",58,105,3
"1173",69,105,3
"1174",87,105,4
"1175",88,105,4
"1176",92,105,3
"1177",107,105,4
"1178",215,105,3
"1179",3,106,3
"1180",15,106,4
"1181",18,106,3
"1182",40,106,4
"1183",51,106,3
"1184",52,106,3
"1185",54,106,3
"1186",67,106,3
"1187",71,106,2
"1188",85,106,3
"1189",89,106,3
"1190",92,106,3
"1191",129,106,3
"1192",137,106,4
"1193",140,106,3
"1194",146,106,1
"1195",158,106,3
"1196",32,107,3
"1197",85,107,3
"1198",87,107,4
"1199",88,107,5
"1200",91,107,3
"1201",92,107,3
"1202",95,107,4
"1203",97,107,3
"1204",105,107,4
"1205",112,108,3
"1206",122,108,4
"1207",125,108,3
"1208",131,108,3
"1209",134,108,3
"1210",156,108,2
"1211",165,108,3
"1212",174,108,5
"1213",178,108,5
"1214",186,108,3
"1215",189,108,3
"1216",193,108,5
"1217",212,108,3
"1218",25,109,4
"1219",38,109,3
"1220",96,109,5
"1221",126,109,5
"1222",152,109,3
"1223",154,109,3
"1224",176,109,3
"1225",191,109,5
"1226",197,109,3
"1227",201,109,4
"1228",205,109,5
"1229",209,109,3
"1230",115,110,3
"1231",116,110,3
"1232",133,110,4
"1233",136,110,2
"1234",169,110,3
"1235",208,110,5
"1236",60,111,3
"1237",61,111,4
"1238",65,111,3
"1239",128,111,3
"1240",130,111,5
"1241",138,111,3
"1242",152,111,4
"1243",162,111,3
"1244",171,111,3
"1245",173,111,3
"1246",176,111,3
"1247",183,111,3
"1248",188,111,2
"1249",195,111,3
"1250",201,111,3
"1251",215,111,3
"1252",216,111,4
"1253",12,112,3
"1254",22,112,3
"1255",108,112,3
"1256",122,112,3
"1257",125,112,4
"1258",131,112,4
"1259",165,112,4
"1260",174,112,3
"1261",178,112,3
"1262",193,112,4
"1263",1,113,5
"1264",4,113,3
"1265",16,113,3
"1266",17,113,3
"1267",24,113,3
"1268",25,113,4
"1269",45,113,5
"1270",71,113,4
"1271",80,113,3
"1272",114,113,4
"1273",115,113,4
"1274",135,113,3
"1275",153,113,5
"1276",157,113,3
"1277",166,113,3
"1278",1,114,4
"1279",4,114,3
"1280",13,114,4
"1281",16,114,4
"1282",17,114,3
"1283",20,114,3
"1284",24,114,3
"1285",71,114,3
"1286",78,114,3
"1287",87,114,3
"1288",101,114,3
"1289",113,114,4
"1290",115,114,5
"1291",140,114,3
"1292",166,114,3
"1293",185,114,3
"1294",11,115,3
"1295",14,115,3
"1296",16,115,2
"1297",20,115,3
"1298",28,115,3
"1299",71,115,2
"1300",78,115,3
"1301",84,115,3
"1302",87,115,4
"1303",101,115,3
"1304",110,115,3
"1305",113,115,3
"1306",114,115,4
"1307",120,115,3
"1308",158,115,3
"1309",166,115,3
"1310",133,116,3
"1311",136,116,4
"1312",169,116,5
"1313",180,116,4
"1314",198,116,4
"1315",206,116,3
"1316",208,116,5
"1317",57,117,1
"1318",155,117,3
"1319",158,117,3
"1320",56,118,3
"1321",61,118,4
"1322",62,118,3
"1323",64,118,3
"1324",76,118,3
"1325",81,118,5
"1326",103,118,3
"1327",126,118,5
"1328",136,118,3
"1329",138,118,4
"1330",159,118,4
"1331",173,118,4
"1332",188,118,2
"1333",210,118,4
"1334",19,119,4
"1335",23,119,5
"1336",122,119,4
"1337",134,119,5
"1338",204,119,5
"1339",3,120,4
"1340",89,120,3
"1341",99,120,3
"1342",133,121,3
"1343",18,122,3
"1344",108,122,3
"1345",112,122,3
"1346",119,122,3
"1347",121,122,3
"1348",134,122,4
"1349",178,122,3
"1350",186,122,3
"1351",193,122,3
"1352",7,123,3
"1353",28,123,3
"1354",30,123,3
"1355",56,123,3
"1356",62,123,4
"1357",64,123,3
"1358",86,123,4
"1359",104,123,3
"1360",124,123,3
"1361",159,123,3
"1362",180,123,4
"1363",188,123,2
"1364",3,124,3
"1365",7,124,3
"1366",28,124,3
"1367",30,124,3
"1368",82,124,3
"1369",98,124,3
"1370",123,124,3
"1371",161,124,3
"1372",182,124,3
"1373",183,124,3
"1374",203,124,3
"1375",209,124,4
"1376",12,125,3
"1377",22,125,3
"1378",108,125,4
"1379",112,125,4
"1380",122,125,3
"1381",131,125,4
"1382",134,125,3
"1383",156,125,3
"1384",165,125,4
"1385",174,125,3
"1386",178,125,3
"1387",189,125,3
"1388",193,125,5
"1389",214,125,3
"1390",38,126,3
"1391",46,126,3
"1392",118,126,3
"1393",136,126,2
"1394",152,126,3
"1395",188,126,2
"1396",191,126,4
"1397",205,126,3
"1398",210,126,3
"1399",38,127,3
"1400",41,127,3
"1401",48,127,3
"1402",54,127,3
"1403",63,127,3
"1404",92,127,3
"1405",96,127,4
"1406",128,127,3
"1407",145,127,4
"1408",156,127,3
"1409",157,127,3
"1410",159,127,5
"1411",170,127,3
"1412",191,127,5
"1413",202,127,3
"1414",207,127,4
"1415",210,127,3
"1416",215,127,5
"1417",217,127,3
"1418",50,128,5
"1419",59,128,5
"1420",76,128,5
"1421",127,128,3
"1422",138,128,3
"1423",152,128,3
"1424",156,128,4
"1425",210,128,3
"1426",2,129,4
"1427",75,129,3
"1428",95,129,3
"1429",106,129,4
"1430",131,129,4
"1431",156,129,2
"1432",168,129,3
"1433",176,129,4
"1434",199,129,3
"1435",6,130,4
"1436",8,130,3
"1437",31,130,3
"1438",37,130,3
"1439",57,130,1
"1440",58,130,5
"1441",65,130,3
"1442",75,130,3
"1443",105,130,3
"1444",111,130,4
"1445",121,130,1
"1446",126,130,4
"1447",131,130,3
"1448",171,130,3
"1449",176,130,5
"1450",191,130,5
"1451",199,130,4
"1452",201,130,4
"1453",204,130,3
"1454",215,130,3
"1455",8,131,3
"1456",31,131,3
"1457",32,131,3
"1458",108,131,4
"1459",112,131,3
"1460",122,131,3
"1461",125,131,3
"1462",129,131,4
"1463",142,131,3
"1464",156,131,2
"1465",165,131,3
"1466",174,131,3
"1467",176,131,3
"1468",178,131,3
"1469",189,131,4
"1470",193,131,4
"1471",10,132,1
"1472",37,132,3
"1473",74,132,3
"1474",97,132,3
"1475",187,132,3
"1476",89,133,3
"1477",110,133,4
"1478",121,133,5
"1479",194,133,4
"1480",11,134,3
"1481",12,134,3
"1482",18,134,3
"1483",19,134,4
"1484",22,134,3
"1485",23,134,4
"1486",71,134,3
"1487",112,134,3
"1488",119,134,5
"1489",121,134,3
"1490",122,134,5
"1491",125,134,3
"1492",165,134,3
"1493",167,134,3
"1494",2,135,3
"1495",16,135,2
"1496",17,135,3
"1497",18,135,3
"1498",24,135,3
"1499",45,135,3
"1500",80,135,3
"1501",94,135,3
"1502",168,135,3
"1503",103,136,3
"1504",104,136,3
"1505",110,136,3
"1506",116,136,3
"1507",133,136,3
"1508",138,136,3
"1509",169,136,4
"1510",180,136,5
"1511",198,136,3
"1512",207,136,3
"1513",208,136,4
"1514",95,137,4
"1515",106,137,4
"1516",121,137,3
"1517",130,137,3
"1518",149,137,3
"1519",158,137,3
"1520",192,137,3
"1521",39,138,3
"1522",42,138,3
"1523",43,138,5
"1524",51,138,5
"1525",62,138,3
"1526",64,138,3
"1527",76,138,4
"1528",81,138,4
"1529",103,138,3
"1530",104,138,3
"1531",118,138,4
"1532",126,138,4
"1533",128,138,4
"1534",136,138,2
"1535",159,138,3
"1536",210,138,5
"1537",49,139,4
"1538",143,139,5
"1539",148,139,4
"1540",162,139,3
"1541",163,139,3
"1542",175,139,3
"1543",179,139,3
"1544",184,139,3
"1545",188,139,3
"1546",213,139,4
"1547",217,139,5
"1548",3,140,3
"1549",20,140,3
"1550",99,140,4
"1551",100,140,4
"1552",190,140,3
"1553",18,141,3
"1554",59,141,4
"1555",93,141,3
"1556",137,141,3
"1557",144,141,3
"1558",149,141,4
"1559",156,141,2
"1560",164,141,5
"1561",173,141,3
"1562",192,141,3
"1563",215,141,3
"1564",28,142,3
"1565",131,142,3
"1566",133,142,3
"1567",167,142,5
"1568",49,143,4
"1569",139,143,5
"1570",148,143,4
"1571",156,143,2
"1572",161,143,3
"1573",162,143,4
"1574",163,143,4
"1575",175,143,3
"1576",179,143,3
"1577",183,143,4
"1578",184,143,3
"1579",188,143,5
"1580",207,143,3
"1581",213,143,4
"1582",217,143,3
"1583",141,144,3
"1584",145,144,3
"1585",156,144,2
"1586",158,144,3
"1587",159,144,5
"1588",160,144,3
"1589",188,144,2
"1590",5,145,3
"1591",15,145,3
"1592",27,145,3
"1593",63,145,5
"1594",127,145,4
"1595",141,145,4
"1596",144,145,3
"1597",147,145,4
"1598",154,145,3
"1599",156,145,4
"1600",157,145,4
"1601",158,145,4
"1602",159,145,4
"1603",160,145,5
"1604",167,145,3
"1605",170,145,3
"1606",172,145,3
"1607",15,146,3
"1608",106,146,3
"1609",156,146,2
"1610",158,146,3
"1611",189,146,3
"1612",5,147,4
"1613",35,147,3
"1614",48,147,5
"1615",63,147,5
"1616",82,147,3
"1617",127,147,4
"1618",141,147,3
"1619",144,147,3
"1620",145,147,5
"1621",154,147,3
"1622",156,147,4
"1623",157,147,5
"1624",158,147,4
"1625",159,147,5
"1626",160,147,5
"1627",162,147,3
"1628",163,147,3
"1629",167,147,3
"1630",170,147,4
"1631",172,147,3
"1632",212,147,3
"1633",26,148,4
"1634",39,148,3
"1635",46,148,5
"1636",49,148,3
"1637",86,148,3
"1638",126,148,3
"1639",139,148,5
"1640",143,148,3
"1641",156,148,2
"1642",157,148,3
"1643",159,148,4
"1644",160,148,3
"1645",161,148,3
"1646",162,148,5
"1647",163,148,5
"1648",175,148,3
"1649",179,148,5
"1650",183,148,3
"1651",184,148,4
"1652",188,148,3
"1653",191,148,4
"1654",195,148,3
"1655",198,148,3
"1656",200,148,3
"1657",202,148,3
"1658",207,148,5
"1659",210,148,5
"1660",211,148,4
"1661",213,148,3
"1662",4,149,3
"1663",23,149,3
"1664",29,149,3
"1665",58,149,5
"1666",82,149,3
"1667",87,149,3
"1668",91,149,5
"1669",92,149,3
"1670",93,149,4
"1671",106,149,3
"1672",129,149,3
"1673",137,149,3
"1674",141,149,5
"1675",156,149,2
"1676",164,149,3
"1677",168,149,4
"1678",192,149,4
"1679",212,149,3
"1680",215,149,4
"1681",17,150,3
"1682",31,150,3
"1683",40,150,3
"1684",41,150,5
"1685",82,150,4
"1686",87,150,3
"1687",90,150,3
"1688",92,150,3
"1689",95,150,4
"1690",105,150,3
"1691",156,150,3
"1692",158,150,3
"1693",204,150,4
"1694",214,150,5
"1695",215,150,3
"1696",10,151,1
"1697",97,151,3
"1698",101,151,3
"1699",164,151,3
"1700",38,152,5
"1701",46,152,3
"1702",50,152,3
"1703",59,152,3
"1704",60,152,4
"1705",111,152,3
"1706",128,152,4
"1707",130,152,3
"1708",154,152,5
"1709",156,152,2
"1710",157,152,3
"1711",160,152,3
"1712",171,152,4
"1713",176,152,3
"1714",188,152,2
"1715",191,152,3
"1716",197,152,3
"1717",215,152,4
"1718",216,152,3
"1719",24,153,3
"1720",25,153,3
"1721",71,153,3
"1722",72,153,3
"1723",113,153,3
"1724",121,153,3
"1725",157,153,3
"1726",168,153,3
"1727",38,154,5
"1728",46,154,5
"1729",47,154,3
"1730",52,154,4
"1731",59,154,3
"1732",60,154,3
"1733",152,154,5
"1734",156,154,2
"1735",157,154,4
"1736",160,154,3
"1737",168,154,3
"1738",188,154,2
"1739",3,155,3
"1740",16,155,2
"1741",20,155,3
"1742",71,155,2
"1743",95,155,5
"1744",99,155,3
"1745",117,155,3
"1746",157,155,3
"1747",158,155,3
"1748",166,155,5
"1749",6,156,3
"1750",38,156,3
"1751",47,156,3
"1752",59,156,3
"1753",63,156,3
"1754",80,156,3
"1755",82,156,5
"1756",92,156,3
"1757",95,156,3
"1758",125,156,3
"1759",127,156,3
"1760",128,156,4
"1761",134,156,4
"1762",141,156,5
"1763",144,156,3
"1764",145,156,4
"1765",146,156,1
"1766",150,156,3
"1767",154,156,3
"1768",158,156,3
"1769",159,156,3
"1770",160,156,3
"1771",163,156,3
"1772",164,156,4
"1773",167,156,3
"1774",172,156,3
"1775",189,156,3
"1776",214,156,3
"1777",215,156,4
"1778",17,157,4
"1779",18,157,3
"1780",38,157,5
"1781",63,157,4
"1782",145,157,4
"1783",147,157,3
"1784",154,157,4
"1785",156,157,3
"1786",158,157,3
"1787",159,157,3
"1788",160,157,5
"1789",200,157,3
"1790",15,158,5
"1791",52,158,3
"1792",54,158,3
"1793",63,158,3
"1794",89,158,3
"1795",92,158,4
"1796",106,158,4
"1797",117,158,3
"1798",137,158,3
"1799",146,158,1
"1800",155,158,3
"1801",159,158,3
"1802",212,158,3
"1803",39,159,3
"1804",46,159,3
"1805",106,159,3
"1806",127,159,3
"1807",130,159,3
"1808",141,159,3
"1809",144,159,4
"1810",145,159,3
"1811",152,159,3
"1812",154,159,3
"1813",156,159,3
"1814",157,159,3
"1815",158,159,4
"1816",160,159,3
"1817",161,159,4
"1818",163,159,3
"1819",168,159,3
"1820",179,159,3
"1821",183,159,4
"1822",187,159,3
"1823",188,159,2
"1824",196,159,3
"1825",210,159,3
"1826",215,159,3
"1827",3,160,3
"1828",5,160,3
"1829",27,160,3
"1830",35,160,3
"1831",41,160,3
"1832",59,160,4
"1833",63,160,4
"1834",141,160,3
"1835",144,160,3
"1836",145,160,4
"1837",147,160,4
"1838",148,160,3
"1839",154,160,3
"1840",156,160,3
"1841",157,160,5
"1842",158,160,3
"1843",159,160,5
"1844",162,160,3
"1845",163,160,3
"1846",164,160,3
"1847",172,160,3
"1848",179,160,3
"1849",184,160,3
"1850",188,160,3
"1851",200,160,3
"1852",202,160,4
"1853",213,160,3
"1854",216,160,3
"1855",7,161,4
"1856",21,161,3
"1857",30,161,4
"1858",34,161,3
"1859",98,161,5
"1860",124,161,5
"1861",141,161,3
"1862",156,161,2
"1863",159,161,4
"1864",163,161,3
"1865",174,161,3
"1866",182,161,5
"1867",183,161,5
"1868",188,161,2
"1869",203,161,4
"1870",111,162,3
"1871",139,162,3
"1872",143,162,3
"1873",148,162,3
"1874",163,162,3
"1875",171,162,4
"1876",175,162,3
"1877",179,162,3
"1878",183,162,3
"1879",188,162,4
"1880",207,162,4
"1881",213,162,3
"1882",26,163,3
"1883",49,163,3
"1884",139,163,4
"1885",143,163,3
"1886",148,163,5
"1887",156,163,2
"1888",159,163,5
"1889",160,163,3
"1890",161,163,4
"1891",162,163,3
"1892",175,163,5
"1893",179,163,5
"1894",183,163,4
"1895",184,163,3
"1896",188,163,4
"1897",200,163,4
"1898",207,163,3
"1899",213,163,3
"1900",4,164,3
"1901",6,164,4
"1902",8,164,4
"1903",10,164,1
"1904",18,164,3
"1905",82,164,4
"1906",97,164,3
"1907",141,164,5
"1908",144,164,4
"1909",145,164,3
"1910",149,164,3
"1911",156,164,3
"1912",159,164,3
"1913",160,164,3
"1914",168,164,3
"1915",176,164,4
"1916",192,164,3
"1917",194,164,3
"1918",215,164,3
"1919",2,165,3
"1920",8,165,3
"1921",12,165,4
"1922",18,165,3
"1923",22,165,4
"1924",112,165,4
"1925",122,165,3
"1926",125,165,3
"1927",131,165,3
"1928",167,165,3
"1929",174,165,5
"1930",193,165,3
"1931",194,165,3
"1932",16,166,4
"1933",20,166,3
"1934",45,166,5
"1935",71,166,2
"1936",95,166,5
"1937",155,166,5
"1938",19,167,3
"1939",40,167,3
"1940",71,167,2
"1941",95,167,3
"1942",102,167,3
"1943",106,167,3
"1944",134,167,3
"1945",142,167,3
"1946",145,167,3
"1947",155,167,3
"1948",156,167,2
"1949",186,167,3
"1950",192,167,3
"1951",194,167,3
"1952",4,168,5
"1953",6,168,3
"1954",18,168,3
"1955",37,168,3
"1956",39,168,4
"1957",58,168,3
"1958",83,168,3
"1959",91,168,5
"1960",106,168,3
"1961",129,168,3
"1962",141,168,3
"1963",149,168,5
"1964",153,168,3
"1965",156,168,2
"1966",159,168,3
"1967",164,168,4
"1968",29,169,4
"1969",110,169,3
"1970",116,169,4
"1971",133,169,3
"1972",136,169,4
"1973",156,169,2
"1974",159,169,3
"1975",180,169,5
"1976",196,169,4
"1977",198,169,5
"1978",208,169,4
"1979",217,169,3
"1980",5,170,5
"1981",24,170,3
"1982",26,170,3
"1983",27,170,4
"1984",35,170,4
"1985",80,170,4
"1986",94,170,5
"1987",127,170,3
"1988",145,170,3
"1989",156,170,3
"1990",158,170,3
"1991",172,170,3
"1992",185,170,3
"1993",202,170,5
"1994",206,170,4
"1995",217,170,4
"1996",16,171,2
"1997",71,171,2
"1998",111,171,3
"1999",117,171,3
"2000",121,171,3
"2001",130,171,3
"2002",141,171,4
"2003",149,171,3
"2004",150,171,3
"2005",152,171,5
"2006",153,171,3
"2007",154,171,3
"2008",156,171,2
"2009",157,171,3
"2010",161,171,3
"2011",162,171,4
"2012",168,171,3
"2013",188,171,3
"2014",191,171,3
"2015",201,171,4
"2016",205,171,3
"2017",213,171,4
"2018",217,171,3
"2019",26,172,3
"2020",27,172,4
"2021",35,172,3
"2022",121,172,1
"2023",145,172,3
"2024",156,172,2
"2025",157,172,3
"2026",160,172,3
"2027",185,172,5
"2028",37,173,3
"2029",39,173,3
"2030",141,173,5
"2031",149,173,4
"2032",156,173,2
"2033",159,173,3
"2034",168,173,3
"2035",176,173,3
"2036",183,173,3
"2037",199,173,3
"2038",201,173,4
"2039",215,173,3
"2040",17,174,3
"2041",31,174,3
"2042",66,174,3
"2043",108,174,4
"2044",112,174,3
"2045",122,174,3
"2046",125,174,3
"2047",165,174,4
"2048",178,174,3
"2049",186,174,3
"2050",189,174,3
"2051",193,174,5
"2052",194,174,4
"2053",49,175,3
"2054",139,175,4
"2055",143,175,3
"2056",148,175,5
"2057",156,175,2
"2058",161,175,3
"2059",163,175,5
"2060",179,175,5
"2061",188,175,3
"2062",200,175,3
"2063",8,176,4
"2064",38,176,3
"2065",46,176,4
"2066",129,176,5
"2067",130,176,3
"2068",131,176,4
"2069",141,176,3
"2070",156,176,2
"2071",164,176,4
"2072",199,176,5
"2073",201,176,4
"2074",204,176,3
"2075",185,177,4
"2076",187,177,3
"2077",198,177,3
"2078",202,177,3
"2079",211,177,3
"2080",212,177,3
"2081",108,178,5
"2082",112,178,3
"2083",122,178,4
"2084",125,178,3
"2085",131,178,3
"2086",156,178,2
"2087",158,178,3
"2088",174,178,4
"2089",186,178,3
"2090",189,178,3
"2091",193,178,5
"2092",212,178,4
"2093",49,179,3
"2094",139,179,3
"2095",148,179,4
"2096",163,179,5
"2097",175,179,3
"2098",188,179,2
"2099",200,179,3
"2100",21,180,3
"2101",76,180,3
"2102",104,180,3
"2103",116,180,3
"2104",123,180,3
"2105",126,180,3
"2106",136,180,5
"2107",169,180,3
"2108",188,180,2
"2109",196,180,4
"2110",198,180,5
"2111",206,180,3
"2112",207,180,3
"2113",208,180,3
"2114",1,181,4
"2115",4,181,3
"2116",11,181,3
"2117",17,181,3
"2118",33,181,5
"2119",45,181,3
"2120",57,181,1
"2121",70,181,3
"2122",71,181,2
"2123",72,181,3
"2124",7,182,5
"2125",21,182,3
"2126",34,182,3
"2127",78,182,3
"2128",161,182,4
"2129",198,182,3
"2130",203,182,4
"2131",23,183,3
"2132",28,183,3
"2133",30,183,4
"2134",49,183,3
"2135",98,183,3
"2136",121,183,1
"2137",139,183,3
"2138",143,183,3
"2139",148,183,3
"2140",159,183,3
"2141",161,183,4
"2142",162,183,3
"2143",163,183,3
"2144",173,183,3
"2145",175,183,4
"2146",179,183,3
"2147",184,183,4
"2148",188,183,3
"2149",191,183,3
"2150",195,183,3
"2151",198,183,3
"2152",210,183,3
"2153",213,183,5
"2154",217,183,3
"2155",139,184,3
"2156",143,184,3
"2157",145,184,3
"2158",148,184,3
"2159",163,184,3
"2160",179,184,3
"2161",183,184,3
"2162",188,184,4
"2163",196,184,4
"2164",198,184,3
"2165",200,184,5
"2166",213,184,3
"2167",5,185,5
"2168",172,185,5
"2169",177,185,3
"2170",187,185,4
"2171",196,185,4
"2172",197,185,3
"2173",200,185,3
"2174",202,185,3
"2175",211,185,4
"2176",189,186,3
"2177",194,186,3
"2178",27,187,3
"2179",41,187,3
"2180",159,187,5
"2181",177,187,4
"2182",185,187,5
"2183",193,187,3
"2184",197,187,4
"2185",198,187,3
"2186",200,187,4
"2187",202,187,3
"2188",211,187,5
"2189",212,187,3
"2190",214,187,3
"2191",49,188,3
"2192",71,188,2
"2193",98,188,3
"2194",139,188,4
"2195",143,188,5
"2196",148,188,4
"2197",152,188,3
"2198",157,188,3
"2199",160,188,3
"2200",161,188,3
"2201",162,188,5
"2202",163,188,3
"2203",171,188,4
"2204",175,188,3
"2205",179,188,4
"2206",183,188,5
"2207",184,188,4
"2208",191,188,3
"2209",195,188,4
"2210",198,188,3
"2211",200,188,3
"2212",203,188,3
"2213",204,188,3
"2214",207,188,5
"2215",213,188,4
"2216",216,188,4
"2217",217,188,5
"2218",131,189,3
"2219",156,189,2
"2220",193,189,3
"2221",3,190,4
"2222",16,190,2
"2223",20,190,4
"2224",71,190,2
"2225",99,190,4
"2226",100,190,3
"2227",101,190,3
"2228",114,190,4
"2229",140,190,4
"2230",155,190,3
"2231",166,190,3
"2232",7,191,3
"2233",38,191,3
"2234",60,191,4
"2235",61,191,3
"2236",96,191,3
"2237",109,191,3
"2238",126,191,5
"2239",127,191,3
"2240",130,191,5
"2241",136,191,2
"2242",152,191,3
"2243",159,191,4
"2244",176,191,3
"2245",183,191,3
"2246",188,191,2
"2247",196,191,3
"2248",197,191,3
"2249",198,191,3
"2250",200,191,3
"2251",201,191,3
"2252",205,191,4
"2253",211,191,3
"2254",4,192,3
"2255",15,192,3
"2256",16,192,2
"2257",28,192,5
"2258",48,192,3
"2259",54,192,5
"2260",55,192,5
"2261",63,192,3
"2262",82,192,3
"2263",87,192,3
"2264",91,192,3
"2265",92,192,3
"2266",141,192,4
"2267",149,192,4
"2268",155,192,3
"2269",158,192,3
"2270",164,192,3
"2271",166,192,3
"2272",167,192,3
"2273",173,192,3
"2274",185,192,3
"2275",188,192,2
"2276",197,192,3
"2277",200,192,3
"2278",204,192,5
"2279",209,192,4
"2280",212,192,5
"2281",12,193,3
"2282",31,193,3
"2283",108,193,5
"2284",112,193,5
"2285",122,193,4
"2286",125,193,5
"2287",131,193,3
"2288",134,193,3
"2289",146,193,1
"2290",156,193,2
"2291",158,193,3
"2292",165,193,3
"2293",174,193,4
"2294",178,193,5
"2295",186,193,3
"2296",189,193,3
"2297",212,193,4
"2298",22,194,3
"2299",40,194,5
"2300",89,194,4
"2301",133,194,4
"2302",164,194,3
"2303",167,194,4
"2304",174,194,5
"2305",186,194,3
"2306",196,194,3
"2307",28,195,3
"2308",46,195,3
"2309",63,195,3
"2310",71,195,2
"2311",111,195,4
"2312",121,195,3
"2313",126,195,3
"2314",127,195,3
"2315",128,195,4
"2316",130,195,3
"2317",139,195,3
"2318",143,195,3
"2319",148,195,3
"2320",152,195,4
"2321",153,195,3
"2322",156,195,2
"2323",157,195,3
"2324",159,195,3
"2325",160,195,3
"2326",163,195,3
"2327",167,195,3
"2328",177,195,3
"2329",183,195,5
"2330",188,195,4
"2331",197,195,4
"2332",200,195,3
"2333",201,195,3
"2334",202,195,5
"2335",204,195,5
"2336",205,195,3
"2337",210,195,4
"2338",211,195,3
"2339",213,195,3
"2340",216,195,5
"2341",30,196,3
"2342",43,196,3
"2343",69,196,4
"2344",136,196,2
"2345",169,196,5
"2346",180,196,3
"2347",197,196,3
"2348",6,197,3
"2349",25,197,3
"2350",33,197,2
"2351",38,197,4
"2352",109,197,3
"2353",136,197,2
"2354",152,197,3
"2355",154,197,3
"2356",177,197,3
"2357",185,197,3
"2358",187,197,5
"2359",188,197,2
"2360",189,197,4
"2361",191,197,3
"2362",192,197,4
"2363",195,197,4
"2364",200,197,4
"2365",201,197,3
"2366",205,197,3
"2367",207,197,3
"2368",208,197,4
"2369",211,197,3
"2370",216,197,3
"2371",217,197,3
"2372",21,198,4
"2373",34,198,3
"2374",136,198,2
"2375",177,198,3
"2376",180,198,3
"2377",206,198,3
"2378",8,199,3
"2379",75,199,5
"2380",129,199,5
"2381",130,199,4
"2382",131,199,3
"2383",173,199,3
"2384",176,199,5
"2385",201,199,4
"2386",204,199,4
"2387",205,199,3
"2388",5,200,3
"2389",21,200,3
"2390",34,200,3
"2391",163,200,3
"2392",175,200,3
"2393",179,200,4
"2394",184,200,3
"2395",187,200,3
"2396",188,200,2
"2397",197,200,4
"2398",202,200,3
"2399",206,200,5
"2400",211,200,3
"2401",213,200,3
"2402",216,200,3
"2403",6,201,3
"2404",38,201,3
"2405",95,201,4
"2406",130,201,4
"2407",152,201,3
"2408",158,201,3
"2409",171,201,3
"2410",173,201,5
"2411",176,201,3
"2412",191,201,3
"2413",199,201,5
"2414",204,201,5
"2415",27,202,3
"2416",32,202,3
"2417",127,202,3
"2418",131,202,3
"2419",148,202,3
"2420",156,202,3
"2421",157,202,5
"2422",160,202,3
"2423",170,202,4
"2424",177,202,4
"2425",184,202,3
"2426",185,202,3
"2427",187,202,3
"2428",188,202,2
"2429",195,202,3
"2430",200,202,5
"2431",211,202,5
"2432",212,202,5
"2433",213,202,3
"2434",216,202,3
"2435",217,202,4
"2436",7,203,3
"2437",21,203,3
"2438",27,203,3
"2439",34,203,3
"2440",98,203,3
"2441",124,203,3
"2442",182,203,4
"2443",188,203,2
"2444",198,203,3
"2445",83,204,3
"2446",87,204,3
"2447",92,204,3
"2448",95,204,4
"2449",119,204,4
"2450",134,204,5
"2451",201,204,3
"2452",61,205,3
"2453",96,205,3
"2454",109,205,5
"2455",126,205,4
"2456",154,205,3
"2457",171,205,4
"2458",176,205,3
"2459",191,205,5
"2460",197,205,3
"2461",199,205,3
"2462",200,205,3
"2463",201,205,4
"2464",204,205,3
"2465",5,206,3
"2466",16,206,4
"2467",21,206,4
"2468",34,206,4
"2469",116,206,3
"2470",136,206,2
"2471",169,206,3
"2472",170,206,4
"2473",179,206,3
"2474",185,206,3
"2475",197,206,3
"2476",198,206,4
"2477",200,206,5
"2478",202,206,3
"2479",208,206,3
"2480",217,206,4
"2481",64,207,3
"2482",76,207,3
"2483",81,207,3
"2484",98,207,4
"2485",103,207,3
"2486",104,207,4
"2487",127,207,4
"2488",136,207,3
"2489",138,207,3
"2490",139,207,3
"2491",143,207,3
"2492",148,207,4
"2493",175,207,3
"2494",177,207,3
"2495",179,207,3
"2496",180,207,3
"2497",188,207,3
"2498",197,207,3
"2499",210,207,5
"2500",217,207,5
"2501",87,208,3
"2502",110,208,3
"2503",115,208,3
"2504",116,208,4
"2505",136,208,4
"2506",169,208,4
"2507",170,208,3
"2508",180,208,4
"2509",197,208,3
"2510",198,208,4
"2511",200,208,3
"2512",206,208,4
"2513",64,209,3
"2514",69,209,3
"2515",124,209,5
"2516",130,209,3
"2517",137,209,3
"2518",192,209,4
"2519",196,209,3
"2520",197,209,3
"2521",198,209,3
"2522",43,210,3
"2523",76,210,3
"2524",81,210,3
"2525",103,210,4
"2526",118,210,3
"2527",126,210,4
"2528",128,210,3
"2529",136,210,2
"2530",138,210,5
"2531",148,210,3
"2532",159,210,3
"2533",183,210,3
"2534",198,210,3
"2535",207,210,5
"2536",217,210,3
"2537",127,211,3
"2538",157,211,3
"2539",177,211,4
"2540",185,211,4
"2541",187,211,5
"2542",191,211,4
"2543",197,211,4
"2544",200,211,3
"2545",202,211,5
"2546",212,211,4
"2547",15,212,3
"2548",40,212,3
"2549",48,212,5
"2550",63,212,3
"2551",92,212,3
"2552",108,212,4
"2553",145,212,3
"2554",146,212,3
"2555",156,212,3
"2556",157,212,4
"2557",158,212,4
"2558",174,212,3
"2559",177,212,3
"2560",178,212,4
"2561",185,212,3
"2562",188,212,2
"2563",189,212,3
"2564",192,212,4
"2565",193,212,5
"2566",197,212,3
"2567",200,212,3
"2568",202,212,4
"2569",211,212,4
"2570",49,213,3
"2571",71,213,2
"2572",124,213,4
"2573",143,213,4
"2574",148,213,4
"2575",157,213,3
"2576",159,213,3
"2577",160,213,4
"2578",161,213,4
"2579",162,213,3
"2580",163,213,3
"2581",171,213,4
"2582",175,213,3
"2583",179,213,4
"2584",183,213,5
"2585",184,213,4
"2586",188,213,3
"2587",191,213,3
"2588",195,213,3
"2589",198,213,3
"2590",200,213,3
"2591",202,213,3
"2592",207,213,3
"2593",209,213,3
"2594",210,213,3
"2595",2,214,5
"2596",18,214,3
"2597",31,214,3
"2598",38,214,3
"2599",41,214,4
"2600",74,214,3
"2601",76,214,3
"2602",82,214,4
"2603",87,214,3
"2604",92,214,3
"2605",102,214,3
"2606",134,214,3
"2607",150,214,5
"2608",156,214,2
"2609",164,214,3
"2610",204,214,3
"2611",215,214,3
"2612",6,215,3
"2613",37,215,3
"2614",41,215,4
"2615",47,215,4
"2616",48,215,3
"2617",81,215,3
"2618",91,215,4
"2619",92,215,5
"2620",93,215,4
"2621",95,215,4
"2622",102,215,3
"2623",127,215,4
"2624",130,215,5
"2625",141,215,4
"2626",149,215,4
"2627",150,215,3
"2628",152,215,3
"2629",156,215,4
"2630",159,215,5
"2631",164,215,4
"2632",173,215,4
"2633",188,215,3
"2634",214,215,4
"2635",217,215,3
"2636",44,216,3
"2637",46,216,4
"2638",82,216,3
"2639",111,216,3
"2640",128,216,3
"2641",152,216,3
"2642",154,216,3
"2643",157,216,3
"2644",159,216,3
"2645",160,216,4
"2646",188,216,4
"2647",195,216,4
"2648",197,216,3
"2649",200,216,3
"2650",211,216,3
"2651",16,217,2
"2652",39,217,3
"2653",94,217,4
"2654",104,217,4
"2655",139,217,4
"2656",143,217,3
"2657",148,217,3
"2658",152,217,3
"2659",159,217,3
"2660",164,217,3
"2661",171,217,4
"2662",179,217,3
"2663",183,217,3
"2664",188,217,5
"2665",191,217,3
"2666",200,217,3
"2667",202,217,3
"2668",206,217,4
"2669",207,217,5
"2670",210,217,3
"2671",213,217,3
"2672",215,217,3
