"","userid","gender","age","country"
"1","00000c289a1829a808ac09c00daf10bc3c4e223b","f",22,"Germany"
"3","000063d3fe1cf2ba248b9e3c3f0334845a27a6bf","m",19,"Mexico"
"4","00007a47085b9aab8af55f52ec8846ac479ac4fe","m",28,"United States"
"5","0000c176103e538d5c9828e695fed4f7ae42dd01","m",20,"United Kingdom"
"6","0000ee7dd906373efa37f4e1185bfe1e3f8695ae","m",17,"Finland"
"7","0000ef373bbd0d89ce796abae961f2705e8c1faf","f",22,"Poland"
"8","0000f687d4fe9c1ed49620fbc5ed5b0d7798ea20","f",24,"Spain"
"10","000163263d2a41a3966a3746855b8b75b7d7aa83","m",27,"Sweden"
"11","0001bd96207f323b53652bf400702719ad456d3c","f",18,"Finland"
"13","00024b5b85c40f990c28644d53257819980bf6bb","m",23,"United States"
"14","00026e8fc41980c9605eac741cd97b8216d2dbbd","m",30,"Portugal"
"15","000294c1f0d9b40067487457ca31f0caab81d44a","m",17,"Finland"
"16","0002dd2154072434d26e5409faa591bfb260a01e","m",30,"United States"
"18","00032c7933e0eb05f2258f1147ef81a90f2d4d6c","f",26,"United States"
"20","00035a0368fd249d286f683e816fbdc97cbfa7d9","m",22,"United Kingdom"
"21","0003848c96fb95f8d349c00de9f1760fe2777946","m",14,"Finland"
"22","0003906ab668111f2cd332962cb09f8e3b795c6c","m",34,"Belgium"
"23","00040770932c5fce71bfaff2355228a1aac08dd5","m",19,"Guatemala"
"25","000429493d9716b66b02180d208d09b5b89fbe64","m",23,"United States"
"26","0004ce56b92c99a52fdcb7a20a5f71223e543a20","m",31,"Germany"
"27","0004de6c3c32daa599bd03a37ce2356d5e7cc23f","m",23,"Netherlands"
"29","0005937bb7e8b1992d94b493519e216317f71685","m",19,"Bulgaria"
"30","0005a18022e9a3df17694fe19f5b90edadda7953","m",21,"Italy"
"31","0005fb9cb3bb0c4c89fe715630cc9dee91d1dadf","m",26,"Austria"
"32","00065b397ff3c9ac3ef5e2b58f96c1284265bdc1","m",28,"Korea, Republic of"
"33","0006e9adc35981f2d066e523596092207b723fcb","f",19,"Germany"
"34","0006f849044a98f8db4ac7f83e2881de499b68db","m",16,"South Africa"
"35","000701c3c006b091990162635b36b008c504c6a7","m",21,"United States"
"36","000710d4dff11af267edd2f70bf54e7678bdd729","f",17,"Sweden"
"37","000752c87a61bc4247f5219b4769c347c0062c8a","f",21,"United States"
"39","0007e26aafcfc0b6dcb87d7041583fbb7cced88a","f",19,"Netherlands"
"41","00087f98b9db64d761d3f1404e1558da9245137a","m",29,"United Kingdom"
"42","0008a4450e1a4db4e3ef554b0f04d7b57748489b","f",26,"Japan"
"43","0008ac556f2cf0ea3b53f53d84223f1c62ee3ffe","m",54,"United Kingdom"
"44","0008af04f067b6a845cf110f19d8c6aebda01b21","m",33,"Greece"
"45","0008b075deee53a3a090668c7ec581e15c3d8430","f",19,"United States"
"46","0008bc10d01b73000360d4781cbf8984b169563c","m",22,"Russian Federation"
"48","000912716c36131c4d8591da475c93337e7196a7","m",57,"United States"
"49","0009194b405052f1ee09a9cce78d660c47832735","m",23,"Sweden"
"50","000947b586d6f95788bf7ef66ddff10fd69514e4","f",36,"Japan"
"51","0009699debac6985d7efed77877e67cf4cc198f0","f",33,"Germany"
"53","0009f70b52e48eca23a446d8a6f8bd2663691c54","f",24,"Netherlands"
"54","0009fbcb5120332beefdb12af5e60957688f6765","f",25,"United States"
"55","000a1585c5f65532a9c9187a882892982d345a5c","f",18,"Germany"
"56","000a4fba9046379163980531da4e211bb2d20f3a","m",23,"Iran, Islamic Republic of"
"57","000a75d0a3904abd0e8bb2055735f6d08f895f4e","m",21,"Ukraine"
"58","000a87954445f6c1a5b2a8884b9f6e92c095dd96","f",28,"Italy"
"59","000a9545ab230575fa05c30a556a4ee45d8cc0ba","f",19,"Chile"
"60","000ac3838c0889b96c9adb7a3e21dbfa0f29db1f","m",23,"Thailand"
"61","000af18e0a8c33fe3ad809c3d10cfbae84d1bdd9","m",36,"Russian Federation"
"62","000b0bb32f149504e1df3cce85b6bfd20cef3dd0","f",23,"Australia"
"63","000b2ee840cbda56e0f41c8f248c4fb7ee275db3","f",22,"Italy"
"64","000bc631b5866d0934bbc525ce4b190279506a5b","m",24,"Australia"
"66","000bce5b008caef9cce3f2b981ec71ef20a5926e","f",23,"Germany"
"67","000bea940caf7bbe1d9fabe83d2b333d75ad939c","f",30,"Norway"
"68","000c17602167c89588c25f40310d7c29e2275c22","m",18,"United States"
"69","000c75e3453439898e904fcae0dc81980e31b0ca","m",19,"Brazil"
"70","000c78b3fa24fe3c6cd108af2802cda72ac24a3a","m",20,"Slovakia"
"71","000c906443e48cef4574e4ed67866d4e213dfbf0","f",19,"Mexico"
"72","000cb6427411006fe9a6193d3c4f59efed53fbef","f",17,"Germany"
"73","000cdac4253f2dcecbd3dff8c5d7cf8cf0426c7a","f",24,"United Kingdom"
"76","000d109e4a25299eeef77a14d6b6a81479d1ac0e","m",33,"United States"
"78","000d878a6b2c852089e1a57698dc7f7df76cde6a","m",45,"United States"
"79","000d8c54934cc3a9eab276ccb412dbf52b980a44","f",25,"United States"
"80","000e023cfca562b4461e7f5deadcddbe022b4598","m",34,"Italy"
"81","000ed6cb25079f346eaa4550d575e208633670d2","m",20,"Norway"
"82","000ef79c12638837d24c0a4965a0d6988cf6ae69","m",17,"Chile"
"84","000fa11f810cfe0fb5972f9ebe38246cff34f3a9","m",27,"Russian Federation"
"85","000fd8e3929fdab3c872a0c850fe4f3a3368af38","m",21,"Turkey"
"86","000fff7e107172b2fdee439636daccf8287b34a7","f",20,"Russian Federation"
"87","001042d3aad1054f37b52ed2847104a3acaad37c","f",21,"Germany"
"89","001078f2f557a1afd9b9618144fc0b442481fd13","m",19,"Netherlands"
"92","0010bb0a8e2da6790d06932215615b05fbf86079","m",21,"Greece"
"93","00113f7cbb77890bf766e921f0e62f1fdc4941c7","m",15,"Spain"
"94","00115a69cabd8ed6bdf3959ed4b6361f0982d3e5","m",23,"Brazil"
"95","001169ca4be3a1ed81e2f510039f3dcd663313e8","m",19,"United States"
"97","0012380744768a379461293f1bda83c165b7db36","m",21,"Sweden"
"98","001246642732117a0c9b78e3dc273c8557069d86","m",18,"Germany"
"99","00125395990f011b43477a47a4e8dd002f963d57","m",21,"United Kingdom"
"100","00126bd1a5f9e606498e9a3a7c17a58a42fc7716","m",30,"Brazil"
"101","001273e79cefff7989586ac0dbac1eb49cc57cb6","f",21,"Poland"
"102","00127789cf63713380d3a603e0c4ced6d42c0ad8","f",17,"Belgium"
"103","001283166ef085991a611e3ccdd06cdcdba49bce","m",25,"Germany"
"104","001298c4623ec8dff76356ec0333c5d62a78fe94","m",33,"Brazil"
"105","0012c50def5a74713a6d471e385543f7380b18ba","m",19,"Finland"
"107","0012d710945450a9d3133cf3372028e63997b743","f",24,"Japan"
"108","00135b381367024e7efdd4ee13f981f9ebf31a65","m",30,"Russian Federation"
"109","00139313ac1dd7282fd7cc5428587b67ec3bb8ca","m",21,"Sweden"
"110","0013a259def94304f92096c51d8a087ce0c0ab77","m",16,"United States"
"111","0014103a015f89c06946bb01003a790ae3ec2d8f","m",21,"Czech Republic"
"112","00141206c6d82c1f53fe895b99064318be656ee0","m",18,"United States"
"113","00145c6f4477a15b5ea78d86f6e60c28e33f353c","f",45,"United States"
"114","0014ae57c6064b8fcdbb9f95f2c603924ee928c2","m",22,"Brazil"
"115","0014af6184dc17e4426168a35c536d7e1d030fc3","m",19,"Ukraine"
"116","0014e7ddfa8d8e75eae3615c28d34a5b66fe9bc4","m",21,"France"
"117","0014ffc91d3a5b59cce9bceaf22ef0d72e5711b8","f",20,"Germany"
"118","0015099347dde43b1f554eae729b2558aeb392b9","m",25,"Finland"
"119","00151290a1cee1dbc1d5dd2b0dbf3efd032a0705","m",25,"Poland"
"120","00151ca100490448696c5e1b84ea425dd71fa4be","m",32,"Germany"
"121","0015a0902387f912c4e05fe8294e88e3c46c3019","m",25,"United States"
"122","001649ea2c073ccbf2fb29e297009413cd7fa9c8","f",20,"United Kingdom"
"123","001656f03e1fae9a79239e6e2e9edd641977000a","f",22,"United States"
"124","00165ee092816685dbee5fa5152f8b35aa8dd439","m",19,"United Kingdom"
"125","0016c8b30be11eaabb6fbe0242cae65db8eef529","m",25,"El Salvador"
"126","0016eb9d99dfafe22564d990cc5676f6edd463ba","m",23,"Ukraine"
"128","00172613e9d406726361b71aa34eed56c37a5054","m",19,"Belarus"
"129","00179de35ed4053bf6b637268e303b0f2b2cb55f","m",20,"United States"
"130","0017b6a554f02447dd415c5da323b2b1cfa3b422","m",19,"Mexico"
"131","0017cbd16172e035225e5fe856a172e10d611d32","f",17,"Canada"
"133","00180a9f260ab089a3b21be421e3ad6fbf7a8bd5","m",14,"Germany"
"134","0018726a8c3b371dc4ee981530f0787f888521a1","m",38,"Estonia"
"135","00189df758cfdbbed338e00c87eae9f90885376f","f",25,"Japan"
"136","0018b5ca449f4789a5890b2dc71fe59a76dd5573","m",22,"Spain"
"137","0018c29f20d69d17a14ba01089ec997acaffbb46","m",33,"United Kingdom"
"138","00191fe1818f30172979252b4d6158913cf21f3b","m",24,"Turkey"
"140","0019c9f8e0ba0ddba802878b93ba36905c5aaf23","m",26,"Brazil"
"142","001a11b6b9a82c4bec0b1e1e472067a8d14feab7","m",31,"Spain"
"143","001a3fe32ff4928b7b5b4fa5b7711b8ff9d86786","m",17,"Germany"
"144","001a92a006061452ea53cadf1f1e1db985f3a51f","m",27,"Portugal"
"145","001b3084b764bb2d7cb4f220ad22abe2308dab1c","m",19,"Uruguay"
"146","001bbaaeb1cac06817c96d9ea5d7a96a80ad3dcf","f",19,"Lithuania"
"147","001bbc95e484b0434fd7007572967919e3eff377","m",26,"Czech Republic"
"148","001c02a5719104648a164a66785d99b59117cf05","f",22,"France"
"149","001c528e69a8b716c24b5da54d1b4328097998ce","m",23,"United States"
"150","001dc11522269e8b379599bedb9555e076c8cc5e","m",34,"Sweden"
"151","001e0bef30e4dde21f3f50cd78e42375a453d643","m",26,"Belgium"
"152","001e2ade35f2476b47c15cce7bcb39dafa89b97a","m",32,"Austria"
"154","001eb13513650a4e21664965bac63d60e44be8a5","m",22,"Spain"
"155","001f7a8b1fc9b64bcd8ba4d9c37367b7683e7641","m",27,"Japan"
"156","001f7d3a35613600660a846cae99bd892117a4c2","m",30,"Ireland"
"157","001f81cf3869e4d4e8fd57a99ae200d3747045a6","f",20,"Sweden"
"158","001f8dbc1a7256151fc46b1a513348cbec02c753","f",25,"United States"
"159","001f9738eee17f844fb965e139582115c6a1c49d","m",22,"United States"
"160","001fb094424c3875f047ca2e129a2674804e94da","f",27,"Croatia"
"161","001fe4b5069077a9032e0d0d6f9c068b8673c37e","m",22,"Sweden"
"162","002012435cbbe2cde79fa64a434e04e7c079ef3e","m",19,"Ukraine"
"163","002058c4108f24164a77a140ec002e4c43cd6273","m",20,"Russian Federation"
"164","00206024f16fcc8aeea38a32e06cd452a0fd07fa","m",18,"Poland"
"165","0020f0d59136e584c574df92bbe5001a53bdeca8","m",26,"Russian Federation"
"167","00210ed8d97f55b19271c1a3f0fa004be255222a","m",20,"Sweden"
"168","00210ff162f0b1f2197b2add462ac17b07bf91f6","f",21,"Spain"
"169","00215ba36a04746a9f41c1363c657aaf4d892749","m",26,"Turkey"
"170","002174b9a6bc649d25ef413c8d5be4f7f407cd9a","f",29,"Argentina"
"171","0021adfe01c8e86204c338d7664b701a2ff31fc8","m",31,"Lebanon"
"172","0021ed43f213ca6a0a840a7aed475a02656e8b27","m",24,"Brazil"
"173","00223178e2f696ccdfd8e914ff3c01ee1e6acbeb","m",21,"Norway"
"174","00225cadbc42648b61dd73ddb571e3995b2d462e","m",43,"Germany"
"175","002270658626bafd2155dd87ccd54cf1748867af","m",27,"Poland"
"176","00229de9fb25e062f5f773117a2e33a30d04382c","m",33,"United States"
"177","0022b566a130d23e2b505a31682bb9e7cfeed43e","m",22,"Ukraine"
"178","002319047c5b71aca15094acb28726ec287093d1","m",19,"Austria"
"179","0023836770b5603160c1055cc1912a735d7fc2ac","m",19,"Lithuania"
"180","0023852305380de3bc43b19a85cd3d9a1aec8374","m",21,"United States"
"182","002406b6413722219e72a6b6193c34c14d810a0b","m",32,"Slovakia"
"183","00243767e4ba9ad88986d8da01cfa4e4bb3d07df","f",23,"United States"
"184","00243799d78e58fcf6869efc5232b5e776b18434","m",28,"United Kingdom"
